Launch Date,Town,BTO Name,Flat Type,Estimated Floor Area (sqm),Estimated Internal Floor Area (sqm),No. of Units, Min Price , Max Price ,Classification,Estimated Completion Date (Months),
23-Jul-2025,Bukit Panjang,Bangkit Breeze,2-room Flexi,41,38,24," $ 149,000 "," $ 201,000 ",Standard,35,
23-Jul-2025,Bukit Panjang,Bangkit Breeze,2-room Flexi,49,46,96," $ 180,000 "," $ 236,000 ",Standard,35,
23-Jul-2025,Bukit Panjang,Bangkit Breeze,3-room,69,66,96," $ 289,000 "," $ 367,000 ",Standard,35,
23-Jul-2025,Bukit Panjang,Bangkit Breeze,4-room,94,90,239," $ 362,000 "," $ 458,000 ",Standard,35,
23-Jul-2025,Bukit Panjang,Bangkit Breeze,5-room,114,110,188," $ 518,000 "," $ 599,000 ",Standard,35,
23-Jul-2025,Sembawang,Sembawang Beacon,2-room Flexi,40,38,32," $ 148,000 "," $ 173,000 ",Standard,36,
23-Jul-2025,Sembawang,Sembawang Beacon,2-room Flexi,48,46,136," $ 167,000 "," $ 207,000 ",Standard,36,
23-Jul-2025,Sembawang,Sembawang Beacon,3-room,69,66,84," $ 267,000 "," $ 323,000 ",Standard,36,
23-Jul-2025,Sembawang,Sembawang Beacon,4-room,94,90,286," $ 328,000 "," $ 413,000 ",Standard,36,
23-Jul-2025,Sembawang,Sembawang Beacon,5-room,114,110,203," $ 487,000 "," $ 586,000 ",Standard,36,
23-Jul-2025,Sembawang,Sembawang Beacon,3Gen,120,115,34," $ 497,000 "," $ 585,000 ",Standard,36,
23-Jul-2025,Tampines,Simei Symphony,2-room Flexi,40,38,40," $ 193,000 "," $ 234,000 ",Standard,42,
23-Jul-2025,Tampines,Simei Symphony,2-room Flexi,48,46,100," $ 223,000 "," $ 280,000 ",Standard,42,
23-Jul-2025,Tampines,Simei Symphony,4-room,93,90,140," $ 529,000 "," $ 625,000 ",Standard,42,
23-Jul-2025,Tampines,Simei Symphony,5-room,113,110,100," $ 658,000 "," $ 763,000 ",Standard,42,
23-Jul-2025,Woodlands,Woodlands North Grove,2-room Flexi,40,38,64," $ 160,000 "," $ 210,000 ",Standard,55,
23-Jul-2025,Woodlands,Woodlands North Grove,2-room Flexi,48,46,164," $ 184,000 "," $ 250,000 ",Standard,55,
23-Jul-2025,Woodlands,Woodlands North Grove,3-room,69,66,88," $ 305,000 "," $ 389,000 ",Standard,55,
23-Jul-2025,Woodlands,Woodlands North Grove,4-room,94.5,91.5,420," $ 388,000 "," $ 544,000 ",Standard,55,
23-Jul-2025,Woodlands,Woodlands North Grove,5-room,114.5,111.5,412," $ 517,000 "," $ 714,000 ",Standard,55,
23-Jul-2025,Bukit Merah,Alexandra Peaks,3-room,66,63,76," $ 403,000 "," $ 511,000 ",Prime,56,
23-Jul-2025,Bukit Merah,Alexandra Peaks,4-room,89,86,422," $ 560,000 "," $ 771,000 ",Prime,56,
23-Jul-2025,Bukit Merah,Alexandra Vista,2-room Flexi,40,38,62," $ 205,000 "," $ 294,000 ",Prime,47,
23-Jul-2025,Bukit Merah,Alexandra Vista,2-room Flexi,48,46,186," $ 266,000 "," $ 355,000 ",Prime,47,
23-Jul-2025,Bukit Merah,Alexandra Vista,3-room,67,64,93," $ 520,000 "," $ 518,000 ",Prime,47,
23-Jul-2025,Bukit Merah,Alexandra Vista,4-room,90,86,268," $ 547,000 "," $ 775,000 ",Prime,47,
23-Jul-2025,Clementi,Clementi Emerald,2-room Flexi,41,38,66," $ 214,000 "," $ 289,000 ",Prime,34,
23-Jul-2025,Clementi,Clementi Emerald,2-room Flexi,49,46,156," $ 261,000 "," $ 351,000 ",Prime,34,
23-Jul-2025,Clementi,Clementi Emerald,3-room,67,64,111," $ 388,000 "," $ 512,000 ",Prime,34,
23-Jul-2025,Clementi,Clementi Emerald,4-room,90,86,420," $ 562,000 "," $ 780,000 ",Prime,34,
23-Jul-2025,Toa Payoh,Toa Payoh Ascent,2-room Flexi,38,36,39," $ 212,000 "," $ 272,000 ",Prime,41,
23-Jul-2025,Toa Payoh,Toa Payoh Ascent,2-room Flexi,48,46,156," $ 258,000 "," $ 354,000 ",Prime,41,
23-Jul-2025,Toa Payoh,Toa Payoh Ascent,3-room,66,63,78," $ 406,000 "," $ 514,000 ",Prime,41,
23-Jul-2025,Toa Payoh,Toa Payoh Ascent,4-room,89,86,468," $ 583,000 "," $ 777,000 ",Prime,41,
10-Feb-2025,Woodlands,Woodlands North Verge,2-room Flexi,40,38,67," $ 140,000 "," $ 204,000 ",Standard,47,
10-Feb-2025,Woodlands,Woodlands North Verge,2-room Flexi,48,46,268," $ 166,000 "," $ 251,000 ",Standard,47,
10-Feb-2025,Woodlands,Woodlands North Verge,3-room,69,66,85," $ 275,000 "," $ 363,000 ",Standard,47,
10-Feb-2025,Woodlands,Woodlands North Verge,4-room,94,91.5,608," $ 365,000 "," $ 528,000 ",Standard,47,
10-Feb-2025,Woodlands,Woodlands North Verge,5-room,114.5,111.5,535," $ 486,000 "," $ 661,000 ",Standard,47,
10-Feb-2025,Yishun,Chencharu Vines,2-room Flexi,38,36,39," $ 108,000 "," $ 135,000 ",Standard,37,
10-Feb-2025,Yishun,Chencharu Vines,2-room Flexi,48,46,152," $ 144,000 "," $ 179,000 ",Standard,37,
10-Feb-2025,Yishun,Chencharu Vines,3-room,69,66,90," $ 245,000 "," $ 295,000 ",Standard,37,
10-Feb-2025,Yishun,Chencharu Vines,4-room,93.5,90,305," $ 316,000 "," $ 380,000 ",Standard,37,
10-Feb-2025,Yishun,Chencharu Vines,5-room,113.5,110,262," $ 447,000 "," $ 523,000 ",Standard,37,
10-Feb-2025,Yishun,Chencharu Green,2-room Flexi,38,36,41," $ 110,000 "," $ 137,000 ",Standard,38,
10-Feb-2025,Yishun,Chencharu Green,2-room Flexi,48,46,124," $ 150,000 "," $ 181,000 ",Standard,38,
10-Feb-2025,Yishun,Chencharu Green,4-room,94,90,271," $ 324,000 "," $ 395,000 ",Standard,38,
10-Feb-2025,Yishun,Chencharu Green,5-room,114,110,247," $ 453,000 "," $ 533,000 ",Standard,38,
10-Feb-2025,Queenstown,Stirling Horizon,2-room Flexi,40,38,118," $ 224,000 "," $ 298,000 ",Plus,55,
10-Feb-2025,Queenstown,Stirling Horizon,2-room Flexi,48,46,341," $ 266,000 "," $ 364,000 ",Plus,55,
10-Feb-2025,Queenstown,Stirling Horizon,3-room,66,63,81," $ 408,000 "," $ 529,000 ",Plus,55,
10-Feb-2025,Queenstown,Stirling Horizon,4-room,89,86,586," $ 554,000 "," $ 749,000 ",Plus,55,
10-Feb-2025,Kallang/Whampoa,Tanjong Rhu Parc Front,2-room Flexi,39,36,58," $ 211,000 "," $ 286,000 ",Prime,48,
10-Feb-2025,Kallang/Whampoa,Tanjong Rhu Parc Front,2-room Flexi,49,46,203," $ 275,000 "," $ 364,000 ",Prime,48,
10-Feb-2025,Kallang/Whampoa,Tanjong Rhu Parc Front,3-room,66,63,87," $ 399,000 "," $ 519,000 ",Prime,48,
10-Feb-2025,Kallang/Whampoa,Tanjong Rhu Parc Front,4-room,90,86,464," $ 548,000 "," $ 727,000 ",Prime,48,
16-Oct-2024,Bukit Batok,West BrickVille @ Bukit Batok,2-room Flexi,38,36,39," $ 140,000 "," $ 175,000 ",Standard,24,
16-Oct-2024,Bukit Batok,West BrickVille @ Bukit Batok,2-room Flexi,48,46,91," $ 170,000 "," $ 217,000 ",Standard,24,
16-Oct-2024,Bukit Batok,West BrickVille @ Bukit Batok,3-room,69,66,91," $ 247,000 "," $ 329,000 ",Standard,24,
16-Oct-2024,Bukit Batok,West BrickVille @ Bukit Batok,4-room,93,90,260," $ 335,000 "," $ 445,000 ",Standard,24,
16-Oct-2024,Bukit Batok,West BrickVille @ Bukit Batok,5-room,113,110,169," $ 496,000 "," $ 597,000 ",Standard,24,
16-Oct-2024,Bukit Batok,West BrickVille @ Bukit Batok,3Gen,120,115,39," $ 529,000 "," $ 606,000 ",Standard,24,
16-Oct-2024,Jurong West,Taman Jurong Skyline,2-room Flexi,38,36,156," $ 109,000 "," $ 152,000 ",Standard,52,
16-Oct-2024,Jurong West,Taman Jurong Skyline,2-room Flexi,48,46,390," $ 134,000 "," $ 194,000 ",Standard,52,
16-Oct-2024,Jurong West,Taman Jurong Skyline,3-room,69,66,117," $ 209,000 "," $ 306,000 ",Standard,52,
16-Oct-2024,Jurong West,Taman Jurong Skyline,4-room,93,90,610," $ 290,000 "," $ 434,000 ",Standard,52,
16-Oct-2024,Jurong West,Taman Jurong Skyline,5-room,113,110,493," $ 427,000 "," $ 598,000 ",Standard,52,
16-Oct-2024,Jurong West,Taman Jurong Skyline,3Gen,120,115,78," $ 465,000 "," $ 598,000 ",Standard,52,
16-Oct-2024,Pasir Ris,Costa Riviera I & II,2-room Flexi,39,36,36," $ 194,000 "," $ 221,000 ",Standard,37.5,
16-Oct-2024,Pasir Ris,Costa Riviera I & II,2-room Flexi,49,46,106," $ 239,000 "," $ 288,000 ",Standard,37.5,
16-Oct-2024,Pasir Ris,Costa Riviera I & II,3-room,69,66,86," $ 329,000 "," $ 411,000 ",Standard,37.5,
16-Oct-2024,Pasir Ris,Costa Riviera I & II,4-room,94,90,394," $ 481,000 "," $ 595,000 ",Standard,37.5,
16-Oct-2024,Pasir Ris,Costa Riviera I & II,5-room,114,110,110," $ 635,000 "," $ 736,000 ",Standard,37.5,
16-Oct-2024,Pasir Ris,Costa Riviera I & II,3Gen,121,115,35," $ 644,000 "," $ 753,000 ",Standard,37.5,
16-Oct-2024,Sengkang,Fernvale Oasis,2-room Flexi,38,36,46," $ 126,000 "," $ 160,000 ",Standard,33,
16-Oct-2024,Sengkang,Fernvale Oasis,2-room Flexi,48,46,138," $ 162,000 "," $ 205,000 ",Standard,33,
16-Oct-2024,Sengkang,Fernvale Oasis,4-room,93,90,345," $ 324,000 "," $ 410,000 ",Standard,33,
16-Oct-2024,Sengkang,Fernvale Oasis,5-room,113,110,322," $ 465,000 "," $ 571,000 ",Standard,33,
16-Oct-2024,Sengkang,Fernvale Sails,2-room Flexi,39,37,22," $ 149,000 "," $ 186,000 ",Standard,27,
16-Oct-2024,Sengkang,Fernvale Sails,2-room Flexi,49,47,108," $ 175,000 "," $ 240,000 ",Standard,27,
16-Oct-2024,Sengkang,Fernvale Sails,3-room,69,66,88," $ 277,000 "," $ 370,000 ",Standard,27,
16-Oct-2024,Sengkang,Fernvale Sails,4-room,94,90,218," $ 358,000 "," $ 474,000 ",Standard,27,
16-Oct-2024,Sengkang,Fernvale Sails,5-room,114,110,109," $ 524,000 "," $ 640,000 ",Standard,27,
16-Oct-2024,Woodlands,Marsiling Ridge,4-room,93,90,162," $ 329,000 "," $ 457,000 ",Standard,43,
16-Oct-2024,Woodlands,Marsiling Ridge,5-room,113,110,130," $ 488,000 "," $ 616,000 ",Standard,43,
16-Oct-2024,Ang Mo Kio,Central Trio @ AMK,2-room Flexi,38,36,40," $ 187,000 "," $ 227,000 ",Plus,59,
16-Oct-2024,Ang Mo Kio,Central Trio @ AMK,2-room Flexi,48,46,115," $ 221,000 "," $ 288,000 ",Plus,59,
16-Oct-2024,Ang Mo Kio,Central Trio @ AMK,4-room,89,86,267," $ 481,000 "," $ 603,000 ",Plus,59,
16-Oct-2024,Bedok,Bayshore Vista,2-room Flexi,39,36,58," $ 216,000 "," $ 252,000 ",Plus,45,
16-Oct-2024,Bedok,Bayshore Vista,2-room Flexi,49,46,140," $ 259,000 "," $ 340,000 ",Plus,45,
16-Oct-2024,Bedok,Bayshore Vista,3-room,66,63,80," $ 369,000 "," $ 476,000 ",Plus,45,
16-Oct-2024,Bedok,Bayshore Vista,4-room,89,86,456," $ 514,000 "," $ 694,000 ",Plus,45,
16-Oct-2024,Bedok,Bayshore Palms,2-room Flexi,39,36,40," $ 199,000 "," $ 253,000 ",Plus,47,
16-Oct-2024,Bedok,Bayshore Palms,2-room Flexi,49,46,120," $ 258,000 "," $ 326,000 ",Plus,47,
16-Oct-2024,Bedok,Bayshore Palms,4-room,89,86,550," $ 495,000 "," $ 683,000 ",Plus,47,
16-Oct-2024,Bedok,Kembangan Wave,2-room Flexi,39,36,34," $ 190,000 "," $ 230,000 ",Plus,41,
16-Oct-2024,Bedok,Kembangan Wave,2-room Flexi,48,46,84," $ 210,000 "," $ 285,000 ",Plus,41,
16-Oct-2024,Bedok,Kembangan Wave,4-room,89,86,230," $ 453,000 "," $ 592,000 ",Plus,41,
16-Oct-2024,Geylang,Merpati Alcove,CCA,34,32,265," $ 102,000 "," $ 129,000 ",Plus,44,
16-Oct-2024,Geylang,Merpati Alcove,4-room,89,86,168," $ 530,000 "," $ 647,000 ",Plus,44,
16-Oct-2024,Kallang/Whampoa,Kallang View,3-room,66,63,68," $ 388,000 "," $ 497,000 ",Plus,43,
16-Oct-2024,Kallang/Whampoa,Kallang View,4-room,89,86,203," $ 539,000 "," $ 698,000 ",Plus,43,
16-Oct-2024,Kallang/Whampoa,Towner Breeze,2-room Flexi,39,36,38," $ 216,000 "," $ 280,000 ",Plus,48,
16-Oct-2024,Kallang/Whampoa,Towner Breeze,2-room Flexi,48,46,101," $ 252,000 "," $ 328,000 ",Plus,48,
16-Oct-2024,Kallang/Whampoa,Towner Breeze,4-room,90,86,216," $ 522,000 "," $ 727,000 ",Plus,48,
16-Oct-2024,Kallang/Whampoa,Crawford Heights,3-room,66,63,78," $ 390,000 "," $ 523,000 ",Prime,50,
16-Oct-2024,Kallang/Whampoa,Crawford Heights,4-room,90,86,234," $ 568,000 "," $ 759,000 ",Prime,50,
19-Jun-2024,Jurong West,Teban Breeze,2-room Flexi,39,36,75," $ 120,000 "," $ 160,000 ",Non-Mature Town,54,
19-Jun-2024,Jurong West,Teban Breeze,2-room Flexi,49,46,222," $ 133,000 "," $ 200,000 ",Non-Mature Town,54,
19-Jun-2024,Jurong West,Teban Breeze,3-room,69,66,111," $ 233,000 "," $ 306,000 ",Non-Mature Town,54,
19-Jun-2024,Jurong West,Teban Breeze,4-room,94,90,444," $ 345,000 "," $ 457,000 ",Non-Mature Town,54,
19-Jun-2024,Jurong West,Teban Breeze,5-room,114,110,234," $ 465,000 "," $ 628,000 ",Non-Mature Town,54,
19-Jun-2024,Woodlands,Marsiling Peak I & II,2-room Flexi,38,36,134," $ 94,000 "," $ 152,000 ",Non-Mature Town,44.5,
19-Jun-2024,Woodlands,Marsiling Peak I & II,2-room Flexi,48,46,472," $ 129,000 "," $ 189,000 ",Non-Mature Town,44.5,
19-Jun-2024,Woodlands,Marsiling Peak I & II,3-room,69,66,181," $ 207,000 "," $ 290,000 ",Non-Mature Town,44.5,
19-Jun-2024,Woodlands,Marsiling Peak I & II,4-room,93,90,429," $ 304,000 "," $ 423,000 ",Non-Mature Town,44.5,
19-Jun-2024,Woodlands,Marsiling Peak I & II,5-room,113,110,362," $ 449,000 "," $ 569,000 ",Non-Mature Town,44.5,
19-Jun-2024,Woodlands,Marsiling Peak I & II,3Gen,120,115,31," $ 467,000 "," $ 565,000 ",Non-Mature Town,44.5,
19-Jun-2024,Yishun,Chencharu Hills,2-room Flexi,39,36,82," $ 113,000 "," $ 138,000 ",Non-Mature Town,44.5,
19-Jun-2024,Yishun,Chencharu Hills,2-room Flexi,48,46,303," $ 134,000 "," $ 170,000 ",Non-Mature Town,44.5,
19-Jun-2024,Yishun,Chencharu Hills,2-room Flexi,69,66,82," $ 219,000 "," $ 271,000 ",Non-Mature Town,44.5,
19-Jun-2024,Yishun,Chencharu Hills,2-room Flexi,93,90,420," $ 279,000 "," $ 346,000 ",Non-Mature Town,44.5,
19-Jun-2024,Yishun,Chencharu Hills,5-room,114,110,390," $ 407,000 "," $ 496,000 ",Non-Mature Town,44.5,
19-Jun-2024,Tampines,Tampines GreenTopaz,2-room Flexi,38,36,35," $ 152,000 "," $ 187,000 ",Mature Town,37,
19-Jun-2024,Tampines,Tampines GreenTopaz,2-room Flexi,48,46,138," $ 200,000 "," $ 238,000 ",Mature Town,37,
19-Jun-2024,Tampines,Tampines GreenTopaz,4-room,93,90,214," $ 445,000 "," $ 569,000 ",Mature Town,37,
19-Jun-2024,Tampines,Tampines GreenTopaz,5-room,113,110,174," $ 589,000 "," $ 719,000 ",Mature Town,37,
19-Jun-2024,Kallang/Whampoa,Tanjong Rhu Riverfront I & II,2-room Flexi,38,36,130," $ 207,000 "," $ 293,000 ",Prime Location Public Housing Model,51.5,
19-Jun-2024,Kallang/Whampoa,Tanjong Rhu Riverfront I & II,2-room Flexi,48,46,440," $ 262,000 "," $ 378,000 ",Prime Location Public Housing Model,51.5,
19-Jun-2024,Kallang/Whampoa,Tanjong Rhu Riverfront I & II,3-room,66,63,197," $ 402,000 "," $ 544,000 ",Prime Location Public Housing Model,51.5,
19-Jun-2024,Kallang/Whampoa,Tanjong Rhu Riverfront I & II,4-room,90.5,87.5,"1,296"," $ 568,000 "," $ 779,000 ",Prime Location Public Housing Model,51.5,
19-Jun-2024,Queenstown,Holland Vista,2-room Flexi,38,36,38," $ 209,000 "," $ 285,000 ",Prime Location Public Housing Model,57,
19-Jun-2024,Queenstown,Holland Vista,2-room Flexi,48,46,76," $ 293,000 "," $ 367,000 ",Prime Location Public Housing Model,57,
19-Jun-2024,Queenstown,Holland Vista,4-room,89,86,228," $ 582,000 "," $ 762,000 ",Prime Location Public Housing Model,57,
21-Feb-2024,Choa Chu Kang,Rail Garden @ CCK,2-room Flexi,38,36,44," $ 102,000 "," $ 124,000 ",Non-Mature Town,45,
21-Feb-2024,Choa Chu Kang,Rail Garden @ CCK,2-room Flexi,48,46,96," $ 128,000 "," $ 155,000 ",Non-Mature Town,45,
21-Feb-2024,Choa Chu Kang,Rail Garden @ CCK,3-room,69,66,101," $ 202,000 "," $ 253,000 ",Non-Mature Town,45,
21-Feb-2024,Choa Chu Kang,Rail Garden @ CCK,4-room,93,90,224," $ 300,000 "," $ 376,000 ",Non-Mature Town,45,
21-Feb-2024,Hougang,Tanjong Tree Residences @ Hougang,2-room Flexi,40,38,36," $ 136,000 "," $ 154,000 ",Non-Mature Town,39,
21-Feb-2024,Hougang,Tanjong Tree Residences @ Hougang,2-room Flexi,48,46,118," $ 145,000 "," $ 177,000 ",Non-Mature Town,39,
21-Feb-2024,Hougang,Tanjong Tree Residences @ Hougang,3-room,71,68,84," $ 247,000 "," $ 294,000 ",Non-Mature Town,39,
21-Feb-2024,Hougang,Tanjong Tree Residences @ Hougang,4-room,95,92,122," $ 371,000 "," $ 432,000 ",Non-Mature Town,39,
21-Feb-2024,Punggol,Matilda Riverside,2-room Flexi,39,36,68," $ 131,000 "," $ 177,000 ",Non-Mature Town,37,
21-Feb-2024,Punggol,Matilda Riverside,2-room Flexi,48,46,203," $ 158,000 "," $ 221,000 ",Non-Mature Town,37,
21-Feb-2024,Punggol,Matilda Riverside,3-room,69,66,112," $ 242,000 "," $ 296,000 ",Non-Mature Town,37,
21-Feb-2024,Punggol,Matilda Riverside,4-room,94,90,358," $ 318,000 "," $ 429,000 ",Non-Mature Town,37,
21-Feb-2024,Punggol,Matilda Riverside,5-room,114,110,221," $ 464,000 "," $ 582,000 ",Non-Mature Town,37,
21-Feb-2024,Woodlands,Woodgrove Edge,2-room Flexi,38,36,89," $ 119,000 "," $ 144,000 ",Non-Mature Town,38.5,
21-Feb-2024,Woodlands,Woodgrove Edge,2-room Flexi,48,46,285," $ 137,000 "," $ 184,000 ",Non-Mature Town,38.5,
21-Feb-2024,Woodlands,Woodgrove Edge,3-room,69,66,88," $ 223,000 "," $ 278,000 ",Non-Mature Town,38.5,
21-Feb-2024,Woodlands,Woodgrove Edge,4-room,93,90,341," $ 303,000 "," $ 385,000 ",Non-Mature Town,38.5,
21-Feb-2024,Woodlands,Woodgrove Edge,5-room,113,110,324," $ 412,000 "," $ 515,000 ",Non-Mature Town,38.5,
21-Feb-2024,Bedok,Bedok South Bloom,2-room Flexi,38,36,48," $ 178,000 "," $ 227,000 ",Mature Town,40,
21-Feb-2024,Bedok,Bedok South Bloom,2-room Flexi,48,46,144," $ 236,000 "," $ 284,000 ",Mature Town,40,
21-Feb-2024,Bedok,Bedok South Bloom,4-room,93,90,336," $ 491,000 "," $ 638,000 ",Mature Town,40,
21-Feb-2024,Bedok,Bedok North Springs,2-room Flexi,38,36,30," $ 155,000 "," $ 203,000 ",Mature Town,38,
21-Feb-2024,Bedok,Bedok North Springs,2-room Flexi,48,46,105," $ 209,000 "," $ 256,000 ",Mature Town,38,
21-Feb-2024,Bedok,Bedok North Springs,4-room,93,90,163," $ 451,000 "," $ 568,000 ",Mature Town,38,
21-Feb-2024,Bedok,Bedok North Springs,5-room,113,110,135," $ 605,000 "," $ 730,000 ",Mature Town,38,
21-Feb-2024,Queenstown,Tanglin Halt Courtyard,2-room Flexi,38,36,38," $ 235,000 "," $ 278,000 ",Prime Location Public Housing Model,58,
21-Feb-2024,Queenstown,Tanglin Halt Courtyard,2-room Flexi,48,46,38," $ 308,000 "," $ 353,000 ",Prime Location Public Housing Model,58,
21-Feb-2024,Queenstown,Tanglin Halt Courtyard,4-room,89,86,175," $ 565,000 "," $ 720,000 ",Prime Location Public Housing Model,58,
05-Dec-2023,Bukit Panjang,Petir Park Edge,2-room Flexi,39,37,34," $ 110,000 "," $ 145,000 ",Non-Mature Town,48,
05-Dec-2023,Bukit Panjang,Petir Park Edge,2-room Flexi,49,47,109," $ 144,000 "," $ 190,000 ",Non-Mature Town,48,
05-Dec-2023,Bukit Panjang,Petir Park Edge,4-room,93,90,191," $ 320,000 "," $ 426,000 ",Non-Mature Town,48,
05-Dec-2023,Jurong West,Jurong Arcadia,2-room Flexi,38,36,32," $ 110,000 "," $ 140,000 ",Non-Mature Town,37,
05-Dec-2023,Jurong West,Jurong Arcadia,2-room Flexi,48,46,126," $ 138,000 "," $ 174,000 ",Non-Mature Town,37,
05-Dec-2023,Jurong West,Jurong Arcadia,3-room,69,66,80," $ 207,000 "," $ 277,000 ",Non-Mature Town,37,
05-Dec-2023,Jurong West,Jurong Arcadia,4-room,93,90,304," $ 315,000 "," $ 394,000 ",Non-Mature Town,37,
05-Dec-2023,Jurong West,Jurong Arcadia,5-room,113,110,174," $ 431,000 "," $ 540,000 ",Non-Mature Town,37,
05-Dec-2023,Woodlands,Woodlands Beacon,3-room,70,67,91," $ 268,000 "," $ 340,000 ",Non-Mature Town,50,
05-Dec-2023,Woodlands,Woodlands Beacon,4-room,93,90,308," $ 318,000 "," $ 446,000 ",Non-Mature Town,50,
05-Dec-2023,Woodlands,Urban Rise @ Woodlands,2-room Flexi,40,37,64," $ 145,000 "," $ 186,000 ",Non-Mature Town,51,
05-Dec-2023,Woodlands,Urban Rise @ Woodlands,2-room Flexi,50,48,133," $ 174,000 "," $ 231,000 ",Non-Mature Town,51,
05-Dec-2023,Woodlands,Urban Rise @ Woodlands,3-room,70,67,85," $ 251,000 "," $ 345,000 ",Non-Mature Town,51,
05-Dec-2023,Woodlands,Urban Rise @ Woodlands,4-room,94,92,306," $ 337,000 "," $ 468,000 ",Non-Mature Town,51,
05-Dec-2023,Woodlands,Urban Rise @ Woodlands,5-room,113,110,260," $ 468,000 "," $ 612,000 ",Non-Mature Town,51,
05-Dec-2023,Bedok,Chai Chee Green,CCA,34,32,250," $ 80,000 "," $ 95,000 ",Mature Town,41,
05-Dec-2023,Bedok,Chai Chee Green,3-room,69,66,97," $ 298,000 "," $ 360,000 ",Mature Town,41,
05-Dec-2023,Bedok,Chai Chee Green,4-room,93,90,627," $ 421,000 "," $ 534,000 ",Mature Town,41,
05-Dec-2023,Bedok,Chai Chee Green,5-room,113,110,260," $ 569,000 "," $ 725,000 ",Mature Town,41,
05-Dec-2023,Bishan,Sin Ming Residences,3-room,69,66,105," $ 374,000 "," $ 473,000 ",Mature Town,32,
05-Dec-2023,Bishan,Sin Ming Residences,4-room,93,90,627," $ 519,000 "," $ 665,000 ",Mature Town,32,
05-Dec-2023,Bukit Merah,Alexandra Peaks,2-room Flexi,38,36,38," $ 218,000 "," $ 277,000 ",Prime Location Public Housing Model,59,
05-Dec-2023,Bukit Merah,Alexandra Peaks,2-room Flexi,48,46,15," $ 332,000 "," $ 343,000 ",Prime Location Public Housing Model,59,
05-Dec-2023,Bukit Merah,Alexandra Peaks,3-room,66,63,121," $ 380,000 "," $ 512,000 ",Prime Location Public Housing Model,59,
05-Dec-2023,Bukit Merah,Alexandra Peaks,4-room,89,86,730," $ 533,000 "," $ 723,000 ",Prime Location Public Housing Model,59,
05-Dec-2023,Queenstown,Ulu Pandan Vista,3-room,66,63,218," $ 430,000 "," $ 541,000 ",Prime Location Public Housing Model,59,
05-Dec-2023,Queenstown,Ulu Pandan Vista,4-room,89,86,672," $ 598,000 "," $ 763,000 ",Prime Location Public Housing Model,59,
04-Oct-2023,Choa Chu Kang,Rail Green I & II @ CCK,2-room Flexi,38,36,114," $ 106,000 "," $ 132,000 ",Non-Mature Town,43.5,
04-Oct-2023,Choa Chu Kang,Rail Green I & II @ CCK,2-room Flexi,48,46,283," $ 134,000 "," $ 168,000 ",Non-Mature Town,43.5,
04-Oct-2023,Choa Chu Kang,Rail Green I & II @ CCK,3-room,69,66,152," $ 216,000 "," $ 272,000 ",Non-Mature Town,43.5,
04-Oct-2023,Choa Chu Kang,Rail Green I & II @ CCK,4-room,94,91,802," $ 319,000 "," $ 437,000 ",Non-Mature Town,43.5,
04-Oct-2023,Choa Chu Kang,Rail Green I & II @ CCK,5-room,114,111,518," $ 463,000 "," $ 595,000 ",Non-Mature Town,43.5,
04-Oct-2023,Choa Chu Kang,Rail Green I & II @ CCK,3Gen,120,115,26," $ 471,000 "," $ 530,000 ",Non-Mature Town,43.5,
04-Oct-2023,Tengah,Plantation Edge I & II,2-room Flexi,38,36,52," $ 114,000 "," $ 133,000 ",Non-Mature Town,38,
04-Oct-2023,Tengah,Plantation Edge I & II,2-room Flexi,48,46,211," $ 142,000 "," $ 183,000 ",Non-Mature Town,38,
04-Oct-2023,Tengah,Plantation Edge I & II,3-room,69,66,81," $ 232,000 "," $ 279,000 ",Non-Mature Town,38,
04-Oct-2023,Tengah,Plantation Edge I & II,4-room,93,90,353," $ 353,000 "," $ 418,000 ",Non-Mature Town,38,
04-Oct-2023,Tengah,Plantation Edge I & II,5-room,113,110,313," $ 460,000 "," $ 568,000 ",Non-Mature Town,38,
04-Oct-2023,Kallang/Whampoa,Rajah Residences,2-room Flexi,38,36,31," $ 176,000 "," $ 216,000 ",Mature Town,52,
04-Oct-2023,Kallang/Whampoa,Rajah Residences,2-room Flexi,48,46,101," $ 214,000 "," $ 294,000 ",Mature Town,52,
04-Oct-2023,Kallang/Whampoa,Rajah Residences,4-room,93,90,607," $ 480,000 "," $ 675,000 ",Mature Town,52,
04-Oct-2023,Kallang/Whampoa,Tenteram Vantage,3-room,69,66,88," $ 339,000 "," $ 420,000 ",Mature Town,45,
04-Oct-2023,Kallang/Whampoa,Tenteram Vantage,4-room,93,90,952," $ 488,000 "," $ 628,000 ",Mature Town,45,
04-Oct-2023,Kallang/Whampoa,Verandah @ Kallang,2-room Flexi,39,36,28," $ 193,000 "," $ 237,000 ",Prime Location Public Housing Model,42,
04-Oct-2023,Kallang/Whampoa,Verandah @ Kallang,2-room Flexi,49,46,112," $ 240,000 "," $ 303,000 ",Prime Location Public Housing Model,42,
04-Oct-2023,Kallang/Whampoa,Verandah @ Kallang,3-room,69,66,110," $ 368,000 "," $ 475,000 ",Prime Location Public Housing Model,42,
04-Oct-2023,Kallang/Whampoa,Verandah @ Kallang,4-room,93,90,893," $ 535,000 "," $ 675,000 ",Prime Location Public Housing Model,42,
04-Oct-2023,Queenstown,Tanglin Halt Cascadia,3-room,66,63,155," $ 364,000 "," $ 509,000 ",Prime Location Public Housing Model,54,
04-Oct-2023,Queenstown,Tanglin Halt Cascadia,4-room,89,86,818," $ 537,000 "," $ 702,000 ",Prime Location Public Housing Model,54,
30-May-2023,Tengah,Plantation Verge,2-room Flexi,40,38,52," $ 125,000 "," $ 155,000 ",Non-Mature Town,44,
30-May-2023,Tengah,Plantation Verge,2-room Flexi,48,46,130," $ 142,000 "," $ 178,000 ",Non-Mature Town,44,
30-May-2023,Tengah,Plantation Verge,3-room,69,66,88," $ 238,000 "," $ 288,000 ",Non-Mature Town,44,
30-May-2023,Tengah,Plantation Verge,4-room,93,90,377," $ 350,000 "," $ 440,000 ",Non-Mature Town,44,
30-May-2023,Tengah,Plantation Verge,5-room,113,110,324," $ 454,000 "," $ 575,000 ",Non-Mature Town,44,
30-May-2023,Tengah,Parc Meadow @ Tengah,2-room Flexi,39,37,92," $ 127,000 "," $ 158,000 ",Non-Mature Town,38.5,
30-May-2023,Tengah,Parc Meadow @ Tengah,2-room Flexi,50,48,354," $ 165,000 "," $ 202,000 ",Non-Mature Town,38.5,
30-May-2023,Tengah,Parc Meadow @ Tengah,3-room,70,67,82," $ 253,000 "," $ 309,000 ",Non-Mature Town,38.5,
30-May-2023,Tengah,Parc Meadow @ Tengah,4-room,93.5,90.5,791," $ 363,000 "," $ 467,000 ",Non-Mature Town,38.5,
30-May-2023,Tengah,Parc Meadow @ Tengah,5-room,113,110,666," $ 489,000 "," $ 607,000 ",Non-Mature Town,38.5,
30-May-2023,Bedok,Bedok South Blossoms,2-room Flexi,38,36,36," $ 165,000 "," $ 203,000 ",Mature Town,41,
30-May-2023,Bedok,Bedok South Blossoms,2-room Flexi,48,46,108," $ 210,000 "," $ 260,000 ",Mature Town,41,
30-May-2023,Bedok,Bedok South Blossoms,3-room,68,65,120," $ 320,000 "," $ 396,000 ",Mature Town,41,
30-May-2023,Bedok,Bedok South Blossoms,4-room,93,90,766," $ 448,000 "," $ 587,000 ",Mature Town,41,
30-May-2023,Bedok,Bedok South Blossoms,5-room,113,110,573," $ 588,000 "," $ 737,000 ",Mature Town,41,
30-May-2023,Bedok,Bedok South Blossoms,3Gen,120,115,37," $ 605,000 "," $ 722,000 ",Mature Town,41,
30-May-2023,Serangoon,Serangoon North Vista,4-room,93,90,201," $ 397,000 "," $ 496,000 ",Mature Town,42,
30-May-2023,Serangoon,Serangoon North Vista,5-room,113,110,129," $ 558,000 "," $ 658,000 ",Mature Town,42,
30-May-2023,Kallang/Whampoa,Farrer Park Arena,3-room,69,66,92," $ 362,000 "," $ 466,000 ",Prime Location Public Housing Model,48,
30-May-2023,Kallang/Whampoa,Farrer Park Arena,4-room,93,90,477," $ 505,000 "," $ 642,000 ",Prime Location Public Housing Model,48,
28-Feb-2023,Jurong West,Jurong West Crystal,3-room,69,66,85," $ 187,000 "," $ 249,000 ",Non-Mature Town,47,
28-Feb-2023,Jurong West,Jurong West Crystal,4-room,93,90,186," $ 288,000 "," $ 372,000 ",Non-Mature Town,47,
28-Feb-2023,Tengah,Brickland Weave,2-room Flexi,38,36,102," $ 97,000 "," $ 118,000 ",Non-Mature Town,48,
28-Feb-2023,Tengah,Brickland Weave,2-room Flexi,48,46,321," $ 122,000 "," $ 158,000 ",Non-Mature Town,48,
28-Feb-2023,Tengah,Brickland Weave,3-room,69,66,95," $ 190,000 "," $ 248,000 ",Non-Mature Town,48,
28-Feb-2023,Tengah,Brickland Weave,4-room,93,90,597," $ 291,000 "," $ 375,000 ",Non-Mature Town,48,
28-Feb-2023,Tengah,Brickland Weave,5-room,113,110,526," $ 401,000 "," $ 503,000 ",Non-Mature Town,48,
28-Feb-2023,Kallang/Whampoa,Rajah Summit,3-room,69,66,93," $ 326,000 "," $ 443,000 ",Mature Town,58,
28-Feb-2023,Kallang/Whampoa,Rajah Summit,4-room,93,90,417," $ 459,000 "," $ 631,000 ",Mature Town,58,
28-Feb-2023,Kallang/Whampoa,Farrer Park Fields,2-room Flexi,38,36,46," $ 185,000 "," $ 229,000 ",Prime Location Public Housing Model,53,
28-Feb-2023,Kallang/Whampoa,Farrer Park Fields,2-room Flexi,48,46,132," $ 233,000 "," $ 297,000 ",Prime Location Public Housing Model,53,
28-Feb-2023,Kallang/Whampoa,Farrer Park Fields,3-room,69,66,91," $ 356,000 "," $ 449,000 ",Prime Location Public Housing Model,53,
28-Feb-2023,Kallang/Whampoa,Farrer Park Fields,4-room,93,90,"1,005"," $ 484,000 "," $ 631,000 ",Prime Location Public Housing Model,53,
28-Feb-2023,Queenstown,Ulu Pandan Glades,3-room,66,63,160," $ 372,000 "," $ 498,000 ",Prime Location Public Housing Model,68,
28-Feb-2023,Queenstown,Ulu Pandan Glades,4-room,89,86,572," $ 541,000 "," $ 711,000 ",Prime Location Public Housing Model,68,
23-Nov-2022,Bukit Batok,West Glades @ Bukit Batok,2-room Flexi,40,38,92," $ 105,000 "," $ 130,000 ",Non-Mature Town,,
23-Nov-2022,Bukit Batok,West Glades @ Bukit Batok,2-room Flexi,50,48,239," $ 126,000 "," $ 169,000 ",Non-Mature Town,,
23-Nov-2022,Bukit Batok,West Glades @ Bukit Batok,3-room,71,68,84," $ 206,000 "," $ 269,000 ",Non-Mature Town,,
23-Nov-2022,Bukit Batok,West Glades @ Bukit Batok,4-room,95,92,207," $ 309,000 "," $ 392,000 ",Non-Mature Town,,
23-Nov-2022,Bukit Batok,West Glades @ Bukit Batok,5-room,113,110,168," $ 405,000 "," $ 522,000 ",Non-Mature Town,,
23-Nov-2022,Tengah,Garden Waterfront I & II @ Tengah,2-room Flexi,39,37,178," $ 111,000 "," $ 139,000 ",Non-Mature Town,,
23-Nov-2022,Tengah,Garden Waterfront I & II @ Tengah,2-room Flexi,49,48,400," $ 144,000 "," $ 174,000 ",Non-Mature Town,,
23-Nov-2022,Tengah,Garden Waterfront I & II @ Tengah,3-room,69,66,89," $ 214,000 "," $ 262,000 ",Non-Mature Town,,
23-Nov-2022,Tengah,Garden Waterfront I & II @ Tengah,4-room,94,91,740," $ 307,000 "," $ 397,000 ",Non-Mature Town,,
23-Nov-2022,Tengah,Garden Waterfront I & II @ Tengah,5-room,114,111,670," $ 428,000 "," $ 536,000 ",Non-Mature Town,,
23-Nov-2022,Yishun,Miltonia Breeze @ Yishun,2-room Flexi,38,36,146," $ 84,000 "," $ 109,000 ",Non-Mature Town,,
23-Nov-2022,Yishun,Miltonia Breeze @ Yishun,2-room Flexi,49,46,435," $ 102,000 "," $ 140,000 ",Non-Mature Town,,
23-Nov-2022,Yishun,Miltonia Breeze @ Yishun,4-room,93,90,400," $ 248,000 "," $ 312,000 ",Non-Mature Town,,
23-Nov-2022,Yishun,Miltonia Breeze @ Yishun,5-room,113,110,353," $ 375,000 "," $ 450,000 ",Non-Mature Town,,
23-Nov-2022,Yishun,Vanda Breeze @ Yishun,2-room Flexi,40,38,78," $ 100,000 "," $ 122,000 ",Non-Mature Town,,
23-Nov-2022,Yishun,Vanda Breeze @ Yishun,2-room Flexi,49,47,260," $ 121,000 "," $ 148,000 ",Non-Mature Town,,
23-Nov-2022,Yishun,Vanda Breeze @ Yishun,3-room,70.5,68,91," $ 175,000 "," $ 229,000 ",Non-Mature Town,,
23-Nov-2022,Yishun,Vanda Breeze @ Yishun,4-room,95,92,285," $ 270,000 "," $ 336,000 ",Non-Mature Town,,
23-Nov-2022,Yishun,Vanda Breeze @ Yishun,5-room,113,110,247," $ 391,000 "," $ 463,000 ",Non-Mature Town,,
23-Nov-2022,Yishun,Aranda Breeze @ Yishun,2-room Flexi,40,38,52," $ 99,000 "," $ 120,000 ",Non-Mature Town,,
23-Nov-2022,Yishun,Aranda Breeze @ Yishun,2-room Flexi,49,47,220," $ 117,000 "," $ 146,000 ",Non-Mature Town,,
23-Nov-2022,Yishun,Aranda Breeze @ Yishun,4-room,95,92,232," $ 276,000 "," $ 326,000 ",Non-Mature Town,,
23-Nov-2022,Yishun,Aranda Breeze @ Yishun,5-room,,110,195," $ 366,000 "," $ 459,000 ",Non-Mature Town,,
23-Nov-2022,Queenstown,Queensway Canopy,CCA,35,32,245," $ 82,000 "," $ 111,000 ",Mature Town,,
23-Nov-2022,Queenstown,Queensway Canopy,3-room,69,66,88," $ 392,000 "," $ 488,000 ",Mature Town,,
23-Nov-2022,Queenstown,Queensway Canopy,4-room,95,92,663," $ 551,000 "," $ 695,000 ",Mature Town,,
23-Nov-2022,Kallang/Whampoa,Kallang Horizon,3-room,69,66,72," $ 335,000 "," $ 447,000 ",Prime Location Public Housing Model,,
23-Nov-2022,Kallang/Whampoa,Kallang Horizon,4-room,94.5,91.5,405," $ 509,000 "," $ 690,000 ",Prime Location Public Housing Model,,
23-Nov-2022,Queenstown,Ghim Moh Natura,2-room Flexi,38,36,14," $ 206,000 "," $ 244,000 ",Prime Location Public Housing Model,,
23-Nov-2022,Queenstown,Ghim Moh Natura,2-room Flexi,48,46,28," $ 261,000 "," $ 314,000 ",Prime Location Public Housing Model,,
23-Nov-2022,Queenstown,Ghim Moh Natura,3-room,66,63,229," $ 364,000 "," $ 487,000 ",Prime Location Public Housing Model,,
23-Nov-2022,Queenstown,Ghim Moh Natura,4-room,89,86,720," $ 516,000 "," $ 696,000 ",Prime Location Public Housing Model,,
23-Nov-2022,Queenstown,Ulu Pandan Banks,3-room,66,63,270," $ 362,000 "," $ 504,000 ",Prime Location Public Housing Model,,
23-Nov-2022,Queenstown,Ulu Pandan Banks,4-room,89,86,"1,060"," $ 546,000 "," $ 725,000 ",Prime Location Public Housing Model,,
30-Aug-2022,Choa Chu Kang,Keat Hong Grange,2-room Flexi,40,38,38," $ 102,000 "," $ 131,000 ",Non-Mature Town,,
30-Aug-2022,Choa Chu Kang,Keat Hong Grange,2-room Flexi,49,47,156," $ 125,000 "," $ 160,000 ",Non-Mature Town,,
30-Aug-2022,Choa Chu Kang,Keat Hong Grange,3-room,71,68,96," $ 194,000 "," $ 243,000 ",Non-Mature Town,,
30-Aug-2022,Choa Chu Kang,Keat Hong Grange,4-room,93,90,374," $ 277,000 "," $ 363,000 ",Non-Mature Town,,
30-Aug-2022,Choa Chu Kang,Keat Hong Grange,5-room,113,110,323," $ 390,000 "," $ 508,000 ",Non-Mature Town,,
30-Aug-2022,Jurong East,Jurong East Breeze,2-room Flexi,38,36,62," $ 97,000 "," $ 132,000 ",Non-Mature Town,,
30-Aug-2022,Jurong East,Jurong East Breeze,2-room Flexi,48,46,161," $ 129,000 "," $ 170,000 ",Non-Mature Town,,
30-Aug-2022,Jurong East,Jurong East Breeze,3-room,69,66,87," $ 194,000 "," $ 245,000 ",Non-Mature Town,,
30-Aug-2022,Jurong East,Jurong East Breeze,4-room,93,90,252," $ 283,000 "," $ 388,000 ",Non-Mature Town,,
30-Aug-2022,Woodlands,Woodlands South Plains,2-room Flexi,38,36,66," $ 98,000 "," $ 124,000 ",Non-Mature Town,,
30-Aug-2022,Woodlands,Woodlands South Plains,2-room Flexi,48,46,209," $ 122,000 "," $ 154,000 ",Non-Mature Town,,
30-Aug-2022,Woodlands,Woodlands South Plains,3-room,68,65,87," $ 188,000 "," $ 228,000 ",Non-Mature Town,,
30-Aug-2022,Woodlands,Woodlands South Plains,4-room,93,90,268," $ 303,000 "," $ 363,000 ",Non-Mature Town,,
30-Aug-2022,Ang Mo Kio,Central Weave @ AMK,2-room Flexi,38,36,40," $ 198,000 "," $ 232,000 ",Mature Town,,
30-Aug-2022,Ang Mo Kio,Central Weave @ AMK,2-room Flexi,48,46,86," $ 250,000 "," $ 292,000 ",Mature Town,,
30-Aug-2022,Ang Mo Kio,Central Weave @ AMK,4-room,93,90,398," $ 535,000 "," $ 676,000 ",Mature Town,,
30-Aug-2022,Ang Mo Kio,Central Weave @ AMK,5-room,113,110,333," $ 720,000 "," $ 877,000 ",Mature Town,,
30-Aug-2022,Ang Mo Kio,Central Weave @ AMK,3Gen,120,115,39," $ 713,000 "," $ 842,000 ",Mature Town,,
30-Aug-2022,Tampines,Sun Plaza Spring,4-room,93,90,150," $ 381,000 "," $ 438,000 ",Mature Town,,
30-Aug-2022,Tampines,Sun Plaza Spring,5-room,113,110,117," $ 520,000 "," $ 590,000 ",Mature Town,,
30-Aug-2022,Bukit Merah,Alexandra Vale,3-room,66,63,182," $ 385,000 "," $ 477,000 ",Prime Location Public Housing Model,,
30-Aug-2022,Bukit Merah,Alexandra Vale,4-room,89,86,600," $ 547,000 "," $ 705,000 ",Prime Location Public Housing Model,,
30-Aug-2022,Bukit Merah,Havelock Hillside,3-room,66,63,171," $ 370,000 "," $ 515,000 ",Prime Location Public Housing Model,,
30-Aug-2022,Bukit Merah,Havelock Hillside,4-room,89,86,698," $ 531,000 "," $ 730,000 ",Prime Location Public Housing Model,,
27-May-2023,Jurong West,Lakeside View,2-room Flexi,38,36,100," $ 107,000 "," $ 145,000 ",Non-Mature Town,,
27-May-2023,Jurong West,Lakeside View,2-room Flexi,48,46,355," $ 133,000 "," $ 180,000 ",Non-Mature Town,,
27-May-2023,Jurong West,Lakeside View,3-room,68,66,101," $ 215,000 "," $ 265,000 ",Non-Mature Town,,
27-May-2023,Jurong West,Lakeside View,4-room,93,90,246," $ 320,000 "," $ 393,000 ",Non-Mature Town,,
27-May-2023,Jurong West,Lakeside View,5-room,113,110,214," $ 412,000 "," $ 526,000 ",Non-Mature Town,,
27-May-2023,Yishun,Yishun Beacon,2-room Flexi,38,36,52," $ 123,000 "," $ 144,000 ",Non-Mature Town,,
27-May-2023,Yishun,Yishun Beacon,2-room Flexi,48,46,221," $ 144,000 "," $ 184,000 ",Non-Mature Town,,
27-May-2023,Yishun,Yishun Beacon,4-room,93,90,207," $ 328,000 "," $ 418,000 ",Non-Mature Town,,
27-May-2023,Yishun,Yishun Beacon,5-room,113,110,166," $ 485,000 "," $ 595,000 ",Non-Mature Town,,
27-May-2023,Toa Payoh,Kim Keat Heights,2-room Flexi,38,36,34," $ 162,000 "," $ 206,000 ",Mature Town,,
27-May-2023,Toa Payoh,Kim Keat Heights,2-room Flexi,48,46,86," $ 215,000 "," $ 263,000 ",Mature Town,,
27-May-2023,Toa Payoh,Kim Keat Heights,3-room,69,66,100," $ 289,000 "," $ 373,000 ",Mature Town,,
27-May-2023,Toa Payoh,Kim Keat Heights,4-room,93,90,165," $ 420,000 "," $ 559,000 ",Mature Town,,
27-May-2023,Bukit Merah,Bukit Merah Ridge,3-room,66,63,443," $ 377,000 "," $ 509,000 ",Prime Location Public Housing Model,,
27-May-2023,Bukit Merah,Bukit Merah Ridge,4-room,89,86,"1,226"," $ 540,000 "," $ 737,000 ",Prime Location Public Housing Model,,
27-May-2023,Queenstown,Ghim Moh Ascent,3-room,66,63,196," $ 369,000 "," $ 481,000 ",Prime Location Public Housing Model,,
27-May-2023,Queenstown,Ghim Moh Ascent,4-room,89,86,671," $ 511,000 "," $ 691,000 ",Prime Location Public Housing Model,,
17-Feb-2022,Tengah,Parc Flora @ Tengah,2-room Flexi,40,38,25," $ 132,000 "," $ 152,000 ",Non-Mature Town,,
17-Feb-2022,Tengah,Parc Flora @ Tengah,2-room Flexi,49,47,76," $ 157,000 "," $ 182,000 ",Non-Mature Town,,
17-Feb-2022,Tengah,Parc Flora @ Tengah,3-room,71,68,85," $ 231,000 "," $ 273,000 ",Non-Mature Town,,
17-Feb-2022,Tengah,Parc Flora @ Tengah,4-room,94,91,193," $ 322,000 "," $ 403,000 ",Non-Mature Town,,
17-Feb-2022,Tengah,Parc Flora @ Tengah,5-room,113,110,181," $ 428,000 "," $ 525,000 ",Non-Mature Town,,
17-Feb-2022,Tengah,Plantation Creek,4-room,94,91,377," $ 309,000 "," $ 377,000 ",Non-Mature Town,,
17-Feb-2022,Tengah,Plantation Creek,5-room,113,110,336," $ 420,000 "," $ 506,000 ",Non-Mature Town,,
17-Feb-2022,Yishun,Grove Spring @ Yishun,2-room Flexi,40,38,56," $ 102,000 "," $ 121,000 ",Non-Mature Town,,
17-Feb-2022,Yishun,Grove Spring @ Yishun,2-room Flexi,48,46,140," $ 118,000 "," $ 145,000 ",Non-Mature Town,,
17-Feb-2022,Yishun,Grove Spring @ Yishun,3-room,72.5,69.5,82," $ 180,000 "," $ 248,000 ",Non-Mature Town,,
17-Feb-2022,Yishun,Grove Spring @ Yishun,4-room,96.5,93.5,373," $ 270,000 "," $ 362,000 ",Non-Mature Town,,
17-Feb-2022,Yishun,Grove Spring @ Yishun,5-room,114.5,111.5,336," $ 385,000 "," $ 485,000 ",Non-Mature Town,,
17-Feb-2022,Yishun,Yishun Boardwalk,2-room Flexi,40,38,42," $ 95,000 "," $ 126,000 ",Non-Mature Town,,
17-Feb-2022,Yishun,Yishun Boardwalk,2-room Flexi,48,46,140," $ 122,000 "," $ 149,000 ",Non-Mature Town,,
17-Feb-2022,Yishun,Yishun Boardwalk,3-room,71,68,80," $ 189,000 "," $ 239,000 ",Non-Mature Town,,
17-Feb-2022,Yishun,Yishun Boardwalk,4-room,96.5,93.5,313," $ 276,000 "," $ 374,000 ",Non-Mature Town,,
17-Feb-2022,Yishun,Yishun Boardwalk,5-room,114.5,111.5,277," $ 410,000 "," $ 490,000 ",Non-Mature Town,,
17-Feb-2022,Geylang,Dakota Crest,2-room Flexi,38,36,40," $ 205,000 "," $ 239,000 ",Mature Town,,
17-Feb-2022,Geylang,Dakota Crest,2-room Flexi,48,46,81," $ 236,000 "," $ 315,000 ",Mature Town,,
17-Feb-2022,Geylang,Dakota Crest,3-room,69,66,80," $ 352,000 "," $ 456,000 ",Mature Town,,
17-Feb-2022,Geylang,Dakota Crest,4-room,94.5,91.5,242," $ 522,000 "," $ 688,000 ",Mature Town,,
17-Feb-2022,Kallang/Whampoa,King George’s Heights,3-room,66,63,104," $ 353,000 "," $ 462,000 ",Prime Location Public Housing Model,,
17-Feb-2022,Kallang/Whampoa,King George’s Heights,4-room,89,86,294," $ 488,000 "," $ 675,000 ",Prime Location Public Housing Model,,
17-Nov-2021,Choa Chu Kang,Heart of Yew Tee,2-room Flexi,38,36,22," $ 72,000 "," $ 78,000 ",Non-Mature Town,,40 Year Lease
17-Nov-2021,Choa Chu Kang,Heart of Yew Tee,2-room Flexi,48,46,46," $ 86,000 "," $ 98,000 ",Non-Mature Town,,40 Year Lease
17-Nov-2021,Hougang,Tanjong Tree Residences @ Hougang,4-room,96.5,93.5,172," $ 318,000 "," $ 389,000 ",Non-Mature Town,,
17-Nov-2021,Hougang,Tanjong Tree Residences @ Hougang,5-room,114.5,111.5,128," $ 419,000 "," $ 495,000 ",Non-Mature Town,,
17-Nov-2021,Hougang,Hougang Olive,4-room,95,92,206," $ 308,000 "," $ 377,000 ",Non-Mature Town,,
17-Nov-2021,Hougang,Hougang Olive,5-room,113,110,184," $ 416,000 "," $ 488,000 ",Non-Mature Town,,
17-Nov-2021,Jurong West,Nanyang Opal,3-room,69,66,91," $ 173,000 "," $ 229,000 ",Non-Mature Town,,
17-Nov-2021,Jurong West,Nanyang Opal,4-room,92,90,130," $ 264,000 "," $ 321,000 ",Non-Mature Town,,
17-Nov-2021,Tengah,Parc Glen @ Tengah,2-room Flexi,40,38,48," $ 120,000 "," $ 157,000 ",Non-Mature Town,,
17-Nov-2021,Tengah,Parc Glen @ Tengah,2-room Flexi,50,47,156," $ 144,000 "," $ 190,000 ",Non-Mature Town,,
17-Nov-2021,Tengah,Parc Glen @ Tengah,3-room,68,65,96," $ 194,000 "," $ 253,000 ",Non-Mature Town,,
17-Nov-2021,Tengah,Parc Glen @ Tengah,4-room,93,90,400," $ 319,000 "," $ 390,000 ",Non-Mature Town,,
17-Nov-2021,Tengah,Parc Glen @ Tengah,5-room,113,110,308," $ 436,000 "," $ 519,000 ",Non-Mature Town,,
17-Nov-2021,Tengah,Parc Clover @ Tengah,2-room Flexi,40,38,52," $ 119,000 "," $ 139,000 ",Non-Mature Town,,
17-Nov-2021,Tengah,Parc Clover @ Tengah,2-room Flexi,48,46,153," $ 142,000 "," $ 170,000 ",Non-Mature Town,,
17-Nov-2021,Tengah,Parc Clover @ Tengah,3-room,70.5,68,102," $ 215,000 "," $ 257,000 ",Non-Mature Town,,
17-Nov-2021,Tengah,Parc Clover @ Tengah,4-room,94.5,91.5,472," $ 312,000 "," $ 380,000 ",Non-Mature Town,,
17-Nov-2021,Tengah,Parc Clover @ Tengah,5-room,112.5,110,345," $ 428,000 "," $ 500,000 ",Non-Mature Town,,
17-Nov-2021,Kallang/Whampoa,Kent Heights,2-room Flexi,38,36,30," $ 192,000 "," $ 241,000 ",Mature Town,,
17-Nov-2021,Kallang/Whampoa,Kent Heights,2-room Flexi,48,46,124," $ 247,000 "," $ 309,000 ",Mature Town,,
17-Nov-2021,Kallang/Whampoa,Kent Heights,4-room,92,90,276," $ 511,000 "," $ 660,000 ",Mature Town,,
17-Nov-2021,Central Area,River Peaks I & II,3-room,66,63,280," $ 409,000 "," $ 474,000 ",Mature Town,,
17-Nov-2021,Central Area,River Peaks I & II,4-room,88,86,680," $ 582,000 "," $ 688,000 ",Mature Town,,
11-Aug-2021,Hougang,Hougang Citrine,2-room Flexi,40,38,88," $ 108,000 "," $ 128,000 ",Non-Mature Town,,
11-Aug-2021,Hougang,Hougang Citrine,2-room Flexi,48,46,242," $ 130,000 "," $ 156,000 ",Non-Mature Town,,
11-Aug-2021,Hougang,Hougang Citrine,3-room,69,67,90," $ 199,000 "," $ 240,000 ",Non-Mature Town,,
11-Aug-2021,Hougang,Hougang Citrine,4-room,95,92,227," $ 324,000 "," $ 368,000 ",Non-Mature Town,,
11-Aug-2021,Hougang,Hougang Citrine,5-room,113,110,102," $ 392,000 "," $ 482,000 ",Non-Mature Town,,
11-Aug-2021,Hougang,Kovan Wellspring,2-room Flexi,38,36,78," $ 153,000 "," $ 181,000 ",Non-Mature Town,,
11-Aug-2021,Hougang,Kovan Wellspring,2-room Flexi,48,46,188," $ 203,000 "," $ 234,000 ",Non-Mature Town,,
11-Aug-2021,Hougang,Kovan Wellspring,3-room,69,66,88," $ 289,000 "," $ 340,000 ",Non-Mature Town,,
11-Aug-2021,Hougang,Kovan Wellspring,4-room,93,90,232," $ 413,000 "," $ 507,000 ",Non-Mature Town,,
11-Aug-2021,Jurong East,Toh Guan Grove,2-room Flexi,38,36,74," $ 121,000 "," $ 146,000 ",Non-Mature Town,,
11-Aug-2021,Jurong East,Toh Guan Grove,2-room Flexi,48,46,170," $ 154,000 "," $ 189,000 ",Non-Mature Town,,
11-Aug-2021,Jurong East,Toh Guan Grove,3-room,69,66,85," $ 237,000 "," $ 281,000 ",Non-Mature Town,,
11-Aug-2021,Jurong East,Toh Guan Grove,4-room,93,90,240," $ 347,000 "," $ 436,000 ",Non-Mature Town,,
11-Aug-2021,Kallang/Whampoa,Towner Residences,3-room,68,65,90," $ 336,000 "," $ 440,000 ",Mature Town,,
11-Aug-2021,Kallang/Whampoa,Towner Residences,4-room,93,90,226," $ 500,000 "," $ 656,000 ",Mature Town,,
11-Aug-2021,Queenstown,Queen’s Arc,3-room,69,66,76," $ 382,000 "," $ 464,000 ",Mature Town,,
11-Aug-2021,Queenstown,Queen’s Arc,4-room,93,90,534," $ 540,000 "," $ 670,000 ",Mature Town,,
11-Aug-2021,Tampines,Tampines GreenQuartz,2-room Flexi,40,38,58," $ 142,000 "," $ 164,000 ",Mature Town,,
11-Aug-2021,Tampines,Tampines GreenQuartz,2-room Flexi,49,47,144," $ 165,000 "," $ 196,000 ",Mature Town,,
11-Aug-2021,Tampines,Tampines GreenQuartz,3-room,71,68,87," $ 244,000 "," $ 291,000 ",Mature Town,,
11-Aug-2021,Tampines,Tampines GreenQuartz,4-room,96.5,93.5,687," $ 352,000 "," $ 445,000 ",Mature Town,,
11-Aug-2021,Tampines,Tampines GreenQuartz,5-room,114.5,111.5,637," $ 485,000 "," $ 597,000 ",Mature Town,,
11-Aug-2021,Tampines,Tampines GreenJade,4-room,95,92,302," $ 342,000 "," $ 419,000 ",Mature Town,,
11-Aug-2021,Tampines,Tampines GreenJade,5-room,116,110,244," $ 475,000 "," $ 564,000 ",Mature Town,,
25-May-2021,Tengah,Garden Bloom @ Tengah,2-room Flexi,40,38,70," $ 113,000 "," $ 137,000 ",Non-Mature Town,,
25-May-2021,Tengah,Garden Bloom @ Tengah,2-room Flexi,49,47,196," $ 132,000 "," $ 167,000 ",Non-Mature Town,,
25-May-2021,Tengah,Garden Bloom @ Tengah,4-room,94,91,265," $ 299,000 "," $ 359,000 ",Non-Mature Town,,
25-May-2021,Tengah,Garden Bloom @ Tengah,5-room,113,110,251," $ 404,000 "," $ 495,000 ",Non-Mature Town,,
25-May-2021,Woodlands,Woodgrove Ascent,2-room Flexi,38,36,146," $ 98,000 "," $ 119,000 ",Non-Mature Town,,
25-May-2021,Woodlands,Woodgrove Ascent,2-room Flexi,48,46,540," $ 121,000 "," $ 148,000 ",Non-Mature Town,,
25-May-2021,Woodlands,Woodgrove Ascent,3-room,69,66,84," $ 185,000 "," $ 219,000 ",Non-Mature Town,,
25-May-2021,Woodlands,Woodgrove Ascent,4-room,93,90,411," $ 275,000 "," $ 373,000 ",Non-Mature Town,,
25-May-2021,Woodlands,Woodgrove Ascent,5-room,113,110,359," $ 372,000 "," $ 491,000 ",Non-Mature Town,,
25-May-2021,Bukit Merah,Telok Blangah Beacon,3-room,69,66,105," $ 419,000 "," $ 504,000 ",Mature Town,,
25-May-2021,Bukit Merah,Telok Blangah Beacon,4-room,93,90,70," $ 602,000 "," $ 710,000 ",Mature Town,,
25-May-2021,Geylang,MacPherson Weave,2-room Flexi,38,36,54," $ 180,000 "," $ 210,000 ",Mature Town,,
25-May-2021,Geylang,MacPherson Weave,2-room Flexi,48,46,162," $ 235,000 "," $ 269,000 ",Mature Town,,
25-May-2021,Geylang,MacPherson Weave,3-room,69,66,156," $ 343,000 "," $ 405,000 ",Mature Town,,
25-May-2021,Geylang,MacPherson Weave,4-room,93,90,"1,010"," $ 489,000 "," $ 626,000 ",Mature Town,,
04-Feb-2021,Bukit Batok,Harmony Village @ Bukit Batok,CCA,34,32,169," $ 52,000 "," $ 60,000 ",Non-Mature Town,,
04-Feb-2021,Bukit Batok,West Hill @ Bukit Batok,2-room Flexi,38,36,56," $ 101,000 "," $ 115,000 ",Non-Mature Town,,
04-Feb-2021,Bukit Batok,West Hill @ Bukit Batok,2-room Flexi,48,46,107," $ 119,000 "," $ 144,000 ",Non-Mature Town,,
04-Feb-2021,Bukit Batok,West Hill @ Bukit Batok,3-room,68,65,81," $ 175,000 "," $ 221,000 ",Non-Mature Town,,
04-Feb-2021,Bukit Batok,West Hill @ Bukit Batok,4-room,93,90,387," $ 260,000 "," $ 334,000 ",Non-Mature Town,,
04-Feb-2021,Bukit Batok,West Hill @ Bukit Batok,5-room,113,110,331," $ 384,000 "," $ 460,000 ",Non-Mature Town,,
04-Feb-2021,Tengah,Parc Woods @ Tengah,2-room Flexi,40,38,78," $ 110,000 "," $ 138,000 ",Non-Mature Town,,
04-Feb-2021,Tengah,Parc Woods @ Tengah,2-room Flexi,49,47,219," $ 133,000 "," $ 167,000 ",Non-Mature Town,,
04-Feb-2021,Tengah,Parc Woods @ Tengah,3-room,71,68,83," $ 209,000 "," $ 239,000 ",Non-Mature Town,,
04-Feb-2021,Tengah,Parc Woods @ Tengah,4-room,94,91,387," $ 298,000 "," $ 359,000 ",Non-Mature Town,,
04-Feb-2021,Bidadari,Bartley GreenRise,3-room,68,65,96," $ 312,000 "," $ 362,000 ",Mature Town,,
04-Feb-2021,Bidadari,Bartley GreenRise,4-room,93,90,291," $ 496,000 "," $ 580,000 ",Mature Town,,
04-Feb-2021,Bidadari,ParkEdge @ Bidadari,4-room,94.5,91.5,280," $ 476,000 "," $ 576,000 ",Mature Town,,
04-Feb-2021,Bidadari,ParkEdge @ Bidadari,5-room,114.5,111.5,196," $ 612,000 "," $ 717,000 ",Mature Town,,
04-Feb-2021,Bidadari,Alkaff Breeze,4-room,93,90,226," $ 464,000 "," $ 578,000 ",Mature Town,,
04-Feb-2021,Bidadari,Alkaff Breeze,5-room,113,110,127," $ 611,000 "," $ 728,000 ",Mature Town,,
04-Feb-2021,Kallang/Whampoa,McNair Heights,2-room Flexi,38,36,46," $ 117,000 "," $ 136,000 ",Mature Town,,40 Year Lease
04-Feb-2021,Kallang/Whampoa,McNair Heights,2-room Flexi,48,46,90," $ 139,000 "," $ 182,000 ",Mature Town,,40 Year Lease
04-Feb-2021,Kallang/Whampoa,McNair Heights,3-room,68,65,104," $ 359,000 "," $ 453,000 ",Mature Town,,
04-Feb-2021,Kallang/Whampoa,McNair Heights,4-room,93,90,386," $ 532,000 "," $ 672,000 ",Mature Town,,
17-Nov-2020,Sembawang,Sun Sails,2-room Flexi,40,38,60," $ 92,000 "," $ 102,000 ",Non-Mature Town,,
17-Nov-2020,Sembawang,Sun Sails,2-room Flexi,48,46,160," $ 106,000 "," $ 122,000 ",Non-Mature Town,,
17-Nov-2020,Sembawang,Sun Sails,3-room,71,68,84," $ 163,000 "," $ 189,000 ",Non-Mature Town,,
17-Nov-2020,Sembawang,Sun Sails,4-room,95,92,238," $ 260,000 "," $ 302,000 ",Non-Mature Town,,
17-Nov-2020,Sembawang,Sun Sails,5-room,113,110,184," $ 336,000 "," $ 388,000 ",Non-Mature Town,,
17-Nov-2020,Tengah,Garden Court @ Tengah,2-room Flexi,40,38,56," $ 108,000 "," $ 131,000 ",Non-Mature Town,,
17-Nov-2020,Tengah,Garden Court @ Tengah,2-room Flexi,47,45,168," $ 127,000 "," $ 150,000 ",Non-Mature Town,,
17-Nov-2020,Tengah,Garden Court @ Tengah,3-room,69,66,108," $ 194,000 "," $ 233,000 ",Non-Mature Town,,
17-Nov-2020,Tengah,Garden Court @ Tengah,4-room,95,92,286," $ 288,000 "," $ 366,000 ",Non-Mature Town,,
17-Nov-2020,Tengah,Garden Court @ Tengah,5-room,113,110,172," $ 394,000 "," $ 487,000 ",Non-Mature Town,,
17-Nov-2020,Tengah,Garden Terrace @ Tengah,2-room Flexi,40,38,72," $ 108,000 "," $ 131,000 ",Non-Mature Town,,
17-Nov-2020,Tengah,Garden Terrace @ Tengah,2-room Flexi,47,45,168," $ 127,000 "," $ 150,000 ",Non-Mature Town,,
17-Nov-2020,Tengah,Garden Terrace @ Tengah,3-room,69,66,110," $ 194,000 "," $ 233,000 ",Non-Mature Town,,
17-Nov-2020,Tengah,Garden Terrace @ Tengah,4-room,95,92,284," $ 288,000 "," $ 366,000 ",Non-Mature Town,,
17-Nov-2020,Tengah,Garden Terrace @ Tengah,5-room,113,110,155," $ 394,000 "," $ 487,000 ",Non-Mature Town,,
17-Nov-2020,Toa Payoh,ParkView @ Bidadari,3-room,69,66,88," $ 324,000 "," $ 397,000 ",Mature Town,,
17-Nov-2020,Toa Payoh,ParkView @ Bidadari,4-room,94.5,91.5,270," $ 466,000 "," $ 598,000 ",Mature Town,,
17-Nov-2020,Toa Payoh,Bartley Beacon,3-room,69,66,96," $ 324,000 "," $ 397,000 ",Mature Town,,
17-Nov-2020,Toa Payoh,Bartley Beacon,4-room,94.5,91.5,640," $ 466,000 "," $ 598,000 ",Mature Town,,
17-Nov-2020,Toa Payoh,Bartley Beacon,5-room,113,110,144," $ 627,000 "," $ 726,000 ",Mature Town,,
17-Nov-2020,Bishan,Bishan Ridges,2-room Flexi,38,36,38," $ 121,000 "," $ 139,000 ",Mature Town,,
17-Nov-2020,Bishan,Bishan Ridges,2-room Flexi,48,46,118," $ 151,000 "," $ 179,000 ",Mature Town,,
17-Nov-2020,Bishan,Bishan Ridges,3-room,68,65,124," $ 374,000 "," $ 470,000 ",Mature Town,,
17-Nov-2020,Bishan,Bishan Ridges,4-room,93,90,"1,222"," $ 528,000 "," $ 679,000 ",Mature Town,,
17-Nov-2020,Tampines,Tampines GreenEmerald,2-room Flexi,40,38,39," $ 130,000 "," $ 155,000 ",Mature Town,,
17-Nov-2020,Tampines,Tampines GreenEmerald,2-room Flexi,49,47,107," $ 161,000 "," $ 192,000 ",Mature Town,,
17-Nov-2020,Tampines,Tampines GreenEmerald,4-room,94,91,360," $ 334,000 "," $ 410,000 ",Mature Town,,
17-Nov-2020,Tampines,Tampines GreenEmerald,5-room,113,110,244," $ 460,000 "," $ 538,000 ",Mature Town,,
12-Aug-2020,Choa Chu Kang,Keat Hong Verge,2-room Flexi,39,37,38," $ 99,000 "," $ 115,000 ",Non-Mature Town,,
12-Aug-2020,Choa Chu Kang,Keat Hong Verge,2-room Flexi,47,45,125," $ 110,000 "," $ 143,000 ",Non-Mature Town,,
12-Aug-2020,Choa Chu Kang,Keat Hong Verge,3-room,68,65,118," $ 164,000 "," $ 214,000 ",Non-Mature Town,,
12-Aug-2020,Choa Chu Kang,Keat Hong Verge,4-room,93,90.5,290," $ 253,000 "," $ 326,000 ",Non-Mature Town,,
12-Aug-2020,Tengah,Parc Residences @ Tengah,2-room Flexi,40,38,122," $ 108,000 "," $ 138,000 ",Non-Mature Town,,
12-Aug-2020,Tengah,Parc Residences @ Tengah,2-room Flexi,48,46,358," $ 128,000 "," $ 157,000 ",Non-Mature Town,,
12-Aug-2020,Tengah,Parc Residences @ Tengah,3-room,70.5,68,99," $ 198,000 "," $ 248,000 ",Non-Mature Town,,
12-Aug-2020,Tengah,Parc Residences @ Tengah,4-room,94.5,91.5,281," $ 303,000 "," $ 364,000 ",Non-Mature Town,,
12-Aug-2020,Tengah,Parc Residences @ Tengah,5-room,112.5,110,184," $ 418,000 "," $ 489,000 ",Non-Mature Town,,
12-Aug-2020,Woodlands,Champions Bliss,2-room Flexi,38,36,38," $ 90,000 "," $ 131,000 ",Non-Mature Town,,
12-Aug-2020,Woodlands,Champions Bliss,2-room Flexi,48,46,112," $ 113,000 "," $ 162,000 ",Non-Mature Town,,
12-Aug-2020,Woodlands,Champions Bliss,4-room,93,90,199," $ 276,000 "," $ 381,000 ",Non-Mature Town,,
12-Aug-2020,Woodlands,UrbanVille @ Woodlands,2-room Flexi,38,36,184," $ 90,000 "," $ 131,000 ",Non-Mature Town,,
12-Aug-2020,Woodlands,UrbanVille @ Woodlands,2-room Flexi,48,46,512," $ 113,000 "," $ 162,000 ",Non-Mature Town,,
12-Aug-2020,Woodlands,UrbanVille @ Woodlands,3-room,68,65,144," $ 184,000 "," $ 228,000 ",Non-Mature Town,,
12-Aug-2020,Woodlands,UrbanVille @ Woodlands,4-room,93,90,507," $ 276,000 "," $ 381,000 ",Non-Mature Town,,
12-Aug-2020,Woodlands,UrbanVille @ Woodlands,5-room,113,110,438," $ 405,000 "," $ 516,000 ",Non-Mature Town,,
12-Aug-2020,Ang Mo Kio,Kebun Baru Edge,4-room,93,90,240," $ 423,000 "," $ 550,000 ",Mature Town,,
12-Aug-2020,Ang Mo Kio,Kebun Baru Edge,5-room,113,110,140," $ 571,000 "," $ 725,000 ",Mature Town,,
12-Aug-2020,Bishan,Bishan Towers,2-room Flexi,38,36,24," $ 176,000 "," $ 211,000 ",Mature Town,,
12-Aug-2020,Bishan,Bishan Towers,2-room Flexi,48,46,96," $ 217,000 "," $ 277,000 ",Mature Town,,
12-Aug-2020,Bishan,Bishan Towers,3-room,69,66,80," $ 302,000 "," $ 408,000 ",Mature Town,,
12-Aug-2020,Bishan,Bishan Towers,4-room,94.5,91.5,272," $ 484,000 "," $ 617,000 ",Mature Town,,
12-Aug-2020,Geylang,Dakota One,3-room,68,66,87," $ 355,000 "," $ 421,000 ",Mature Town,,
12-Aug-2020,Geylang,Dakota One,4-room,93,90,334," $ 523,000 "," $ 617,000 ",Mature Town,,
12-Aug-2020,Pasir Ris,Costa Grove,2-room Flexi,38,36,56," $ 137,000 "," $ 158,000 ",Mature Town,,
12-Aug-2020,Pasir Ris,Costa Grove,2-room Flexi,47,45,156," $ 167,000 "," $ 198,000 ",Mature Town,,
12-Aug-2020,Pasir Ris,Costa Grove,3-room,70.5,67.5,160," $ 245,000 "," $ 317,000 ",Mature Town,,
12-Aug-2020,Pasir Ris,Costa Grove,4-room,94.5,91.5,373," $ 374,000 "," $ 460,000 ",Mature Town,,
12-Aug-2020,Pasir Ris,Costa Grove,5-room,114.5,111.5,325," $ 493,000 "," $ 581,000 ",Mature Town,,
12-Aug-2020,Tampines,Tampines GreenCrest,3-room,69.5,67,88," $ 205,000 "," $ 265,000 ",Mature Town,,
12-Aug-2020,Tampines,Tampines GreenCrest,4-room,94,91,146," $ 311,000 "," $ 390,000 ",Mature Town,,
12-Aug-2020,Tampines,Tampines GreenCrest,5-room,113,110,112," $ 423,000 "," $ 517,000 ",Mature Town,,
12-Aug-2020,Tampines,Tampines GreenGlade,4-room,94,91,179," $ 311,000 "," $ 390,000 ",Mature Town,,
12-Aug-2020,Tampines,Tampines GreenGlade,5-room,113,110,175," $ 423,000 "," $ 517,000 ",Mature Town,,
12-Aug-2020,Tampines,Tampines GreenOpal,3-room,69.5,67,94," $ 205,000 "," $ 265,000 ",Mature Town,,
12-Aug-2020,Tampines,Tampines GreenOpal,4-room,94,91,546," $ 311,000 "," $ 390,000 ",Mature Town,,
12-Aug-2020,Tampines,Tampines GreenOpal,5-room,113,110,430," $ 423,000 "," $ 517,000 ",Mature Town,,
11-Feb-2020,Sembawang,Canberra Vista,2-room Flexi,38,36,152," $ 89,000 "," $ 108,000 ",Non-Mature Town,,
11-Feb-2020,Sembawang,Canberra Vista,2-room Flexi,48,46,540," $ 116,000 "," $ 141,000 ",Non-Mature Town,,
11-Feb-2020,Sembawang,Canberra Vista,3-room,69,66,124," $ 177,000 "," $ 210,000 ",Non-Mature Town,,
11-Feb-2020,Sembawang,Canberra Vista,4-room,93,90,385," $ 272,000 "," $ 320,000 ",Non-Mature Town,,
11-Feb-2020,Sembawang,Canberra Vista,5-room,113,110,221," $ 350,000 "," $ 406,000 ",Non-Mature Town,,
11-Feb-2020,Sembawang,Canberra Vista,3Gen,120,115,45," $ 355,000 "," $ 411,000 ",Non-Mature Town,,
11-Feb-2020,Toa Payoh,Kim Keat Ripples,2-room Flexi,38,36,30," $ 90,000 "," $ 141,000 ",Mature Town,,
11-Feb-2020,Toa Payoh,Kim Keat Ripples,2-room Flexi,47.5,45.5,120," $ 109,000 "," $ 184,000 ",Mature Town,,
11-Feb-2020,Toa Payoh,Kim Keat Ripples,4-room,93,90,558," $ 395,000 "," $ 666,000 ",Mature Town,,
11-Feb-2020,Toa Payoh,Toa Payoh Ridge,2-room Flexi,38,36,39," $ 90,000 "," $ 141,000 ",Mature Town,,40 Year Lease
11-Feb-2020,Toa Payoh,Toa Payoh Ridge,2-room Flexi,47.5,45.5,126," $ 109,000 "," $ 184,000 ",Mature Town,,40 Year Lease
11-Feb-2020,Toa Payoh,Toa Payoh Ridge,3-room,68,65,102," $ 351,000 "," $ 446,000 ",Mature Town,,
11-Feb-2020,Toa Payoh,Toa Payoh Ridge,4-room,93,90,653," $ 395,000 "," $ 666,000 ",Mature Town,,